{"type": [{"id": 5, "title": "运行环境", "sort": 2, "ps": "运行环境", "icon": "icon"}, {"id": 6, "title": "系统工具", "sort": 3, "ps": "系统工具", "icon": "icon"}, {"id": 7, "title": "宝塔插件", "sort": 4, "ps": "宝塔插件", "icon": "icon"}, {"id": 8, "title": "专业版插件", "sort": 5, "ps": "\u4e13\u4e1a\u7248", "icon": "icon"}, {"id": 10, "title": "第三方应用", "sort": 7, "ps": "第三方应用", "icon": "icon"}, {"id": 11, "title": "\u4e00\u952e\u90e8\u7f72", "sort": 8, "ps": "\u4e00\u952e\u90e8\u7f72\u7b2c\u4e09\u65b9\u6e90\u7801", "icon": ""}], "beta": 0, "ip": "这里改成你服务器IP", "serverId": "OFF", "pro": -1, "pro_authorization_sn": null, "trail": 1, "ltd": -1, "ltd_authorization_sn": null, "list": [{"id": 148, "pid": 100000062, "type": 8, "os": "Linux", "price": "9.50", "sort": 0, "title": "宝塔任务管理器", "name": "task_manager", "ps": "<p>轻松管理进程、流量监控、启动项、用户、服务、计划任务、会话<a class=\"btlink\" href=\"https://forum.aapanel.com/d/4781-task-manager-use-help\" target=\"_blank\" rel=\"noopener\">&gt;&gt; Help</a></p>", "panel_pro": 0, "panel_ltd": 0, "panel_free": 0, "panel_test": 0, "version": "0", "s_version": "0", "manager_version": "1", "c_manager_version": "1", "dependent": "", "mutex": "", "install_checks": "/www/server/panel/plugin/task_manager", "uninstall_checks": "/www/server/panel/plugin/task_manager", "compile_args": 0, "version_coexist": 0, "icon": "", "count": 0, "endtime": -1, "authorization_sn": null, "versions": [{"m_version": "1", "version": "5", "dependent": "", "mem_limit": 0, "cpu_limit": 0, "os_limit": 0, "update_msg": ""}]}, {"id": 149, "pid": 0, "type": 7, "os": "Linux", "price": "0.00", "sort": 0, "title": "Node.js版本管理器", "name": "nodejs", "ps": "<p>安装、卸载、配置node.js版本，与PM2管理器互斥</p>", "panel_pro": 0, "panel_ltd": 0, "panel_free": 0, "panel_test": 0, "version": "0", "s_version": "0", "manager_version": "1", "c_manager_version": "1", "dependent": "", "mutex": "", "install_checks": "/www/server/panel/plugin/nodejs", "uninstall_checks": "/www/server/panel/plugin/nodejs", "compile_args": 0, "version_coexist": 0, "icon": "", "count": 0, "endtime": -1, "authorization_sn": null, "versions": [{"m_version": "1", "version": "6", "dependent": "", "mem_limit": 0, "cpu_limit": 0, "os_limit": 0, "update_msg": ""}]}, {"id": 36, "pid": 100000010, "type": 8, "os": "Linux", "price": "9.50", "sort": 1, "title": "Nginx防火墙", "name": "btwaf", "ps": "<p>缓解 DDOS 攻击，轻松创建自定义规则，保护您的网站并降低恶意攻击和数据泄露的风险，建议使用 Nginx 1.18 及以上版本 &nbsp;<a class=\"btlink\" href=\"https://forum.aapanel.com/d/3351-3351-nginx-waf-instructions\" target=\"_blank\" rel=\"noopener\">&gt;&gt; Help</a></p>", "panel_pro": 0, "panel_ltd": 1, "panel_free": 0, "panel_test": 0, "version": "0", "s_version": "0", "manager_version": "1", "c_manager_version": "1", "dependent": "nginx", "mutex": "btwaf_httpd", "install_checks": "/www/server/panel/plugin/btwaf", "uninstall_checks": "/www/server/panel/plugin/btwaf", "compile_args": 0, "version_coexist": 0, "icon": "icon", "count": 0, "endtime": -1, "authorization_sn": null, "versions": [{"m_version": "8", "version": "8.1", "dependent": "", "mem_limit": 32, "cpu_limit": 1, "os_limit": 0, "update_msg": "<p>1. Global settings add text replacement<br />2. Fixed known bugs</p>"}]}, {"id": 150, "pid": 100000063, "type": 8, "os": "Linux", "price": "9.50", "sort": 1, "title": "Apache防火墙", "name": "btwaf_httpd", "ps": "<p>有效防止sql注入/xss/一句话木马等常见渗透攻击,当前仅支持Apache2.4 <a class=\"btlink\" href=\"https://forum.aapanel.com/d/4972-apache-waf-instructions\" target=\"_blank\" rel=\"noopener\">&gt;&gt; Help</a></p>", "panel_pro": 0, "panel_ltd": 1, "panel_free": 0, "panel_test": 0, "version": "0", "s_version": "0", "manager_version": "1", "c_manager_version": "1", "dependent": "apache", "mutex": "btwaf", "install_checks": "/www/server/panel/plugin/btwaf_httpd", "uninstall_checks": "/www/server/panel/plugin/btwaf_httpd", "compile_args": 0, "version_coexist": 0, "icon": "", "count": 0, "endtime": -1, "authorization_sn": null, "versions": [{"m_version": "8", "version": "7", "dependent": "", "mem_limit": 0, "cpu_limit": 0, "os_limit": 0, "update_msg": ""}]}, {"id": 140, "pid": 100000011, "type": 8, "os": "Linux", "price": "2.95", "sort": 2, "title": "堡塔APP", "name": "btapp", "ps": "<p>使用手机随时随地管理您的服务器，支持苹果和安卓<a class=\"btlink\" href=\"https://forum.aapanel.com/d/3527-aapanel-mobile\" target=\"_blank\" rel=\"noopener\"> &gt;&gt; Help</a></p>", "panel_pro": 0, "panel_ltd": 1, "panel_free": 0, "panel_test": 0, "version": "0", "s_version": "0", "manager_version": "1", "c_manager_version": "1", "dependent": "", "mutex": "", "install_checks": "/www/server/panel/plugin/btapp", "uninstall_checks": "/www/server/panel/plugin/btapp", "compile_args": 0, "version_coexist": 0, "icon": "icon", "count": 0, "endtime": -1, "authorization_sn": null, "versions": [{"m_version": "1", "version": "1", "dependent": "", "mem_limit": 32, "cpu_limit": 1, "os_limit": 0, "update_msg": "Fix some functional issues"}]}, {"id": 144, "pid": 100000057, "type": 8, "os": "Linux", "price": "9.50", "sort": 2, "title": "网站监控报表", "name": "total", "ps": "<p>快速分析网站运行状况，实时精确统计网站流量、ip、uv、pv、请求、蜘蛛等数据，网站SEO优化利器<span style=\"color: #ff0000;\">&nbsp;</span><a class=\"btlink\" href=\"https://forum.aapanel.com/d/3789-website-statistics-instructions\" target=\"_blank\" rel=\"noopener\"> &gt;&gt;</a><strong><a class=\"btlink\" href=\"https://forum.aapanel.com/d/3789-website-statistics-instructions\" target=\"_blank\" rel=\"noopener\"> </a></strong><a class=\"btlink\" href=\"https://forum.aapanel.com/d/3789-website-statistics-instructions\" target=\"_blank\" rel=\"noopener\">Help</a></p>", "panel_pro": 0, "panel_ltd": 1, "panel_free": 0, "panel_test": 0, "version": "0", "s_version": "0", "manager_version": "1", "c_manager_version": "1", "dependent": "nginx|apache", "mutex": "", "install_checks": "/www/server/panel/plugin/total", "uninstall_checks": "/www/server/panel/plugin/total", "compile_args": 0, "version_coexist": 0, "icon": "icon", "count": 0, "endtime": -1, "authorization_sn": null, "versions": [{"m_version": "6", "version": "1", "dependent": "", "mem_limit": 0, "cpu_limit": 0, "os_limit": 0, "update_msg": "<p>Fix known bugs</p>"}]}, {"id": 145, "pid": 100000059, "type": 8, "os": "Linux", "price": "2.95", "sort": 3, "title": "宝塔数据同步工具", "name": "rsync", "ps": "<p>基于rsync开发的数据同步工具<strong> </strong><a class=\"btlink\" href=\"https://forum.aapanel.com/d/4113-how-to-use-sync-tool\" target=\"_blank\" rel=\"noopener\"> &gt;&gt; Help</a></p>", "panel_pro": 0, "panel_ltd": 1, "panel_free": 0, "panel_test": 0, "version": "0", "s_version": "0", "manager_version": "1", "c_manager_version": "1", "dependent": "", "mutex": "", "install_checks": "/www/server/panel/plugin/rsync", "uninstall_checks": "/www/server/panel/plugin/rsync", "compile_args": 0, "version_coexist": 0, "icon": "icon", "count": 0, "endtime": -1, "authorization_sn": null, "versions": [{"m_version": "3", "version": "0", "dependent": "", "mem_limit": 0, "cpu_limit": 0, "os_limit": 0, "update_msg": "<p>Optimize front-end display</p>\n<p>Fix known bugs</p>"}]}, {"id": 146, "pid": 100000060, "type": 8, "os": "Linux", "price": "9.50", "sort": 3, "title": "网站防篡改程序", "name": "tamper_proof", "ps": "<p>事件型防篡改程序,可有效保护网站重要文件不被木马篡改 <a class=\"btlink\" href=\"https://forum.aapanel.com/d/4125-how-to-use-website-tamper-proof\" target=\"_blank\" rel=\"noopener\">&gt;&gt; Help</a></p>", "panel_pro": 0, "panel_ltd": 1, "panel_free": 0, "panel_test": 0, "version": "0", "s_version": "0", "manager_version": "1", "c_manager_version": "1", "dependent": "", "mutex": "", "install_checks": "/www/server/panel/plugin/tamper_proof", "uninstall_checks": "/www/server/panel/plugin/tamper_proof", "compile_args": 0, "version_coexist": 0, "icon": "icon", "count": 0, "endtime": -1, "authorization_sn": null, "versions": [{"m_version": "3", "version": "2", "dependent": "", "mem_limit": 0, "cpu_limit": 0, "os_limit": 0, "update_msg": ""}]}, {"id": 147, "pid": 100000061, "type": 8, "os": "Linux", "price": "9.50", "sort": 6, "title": "宝塔负载均衡-重构版", "name": "load_balance", "ps": "<p>基于nginx的负载均衡, 使用之前请先安装nginx <a class=\"btlink\" href=\"https://forum.aapanel.com/d/4252-how-to-use-load-balance-plugin\" target=\"_blank\" rel=\"noopener\">&gt;&gt; Help</a></p>", "panel_pro": 0, "panel_ltd": 1, "panel_free": 0, "panel_test": 0, "version": "0", "s_version": "0", "manager_version": "1", "c_manager_version": "1", "dependent": "", "mutex": "", "install_checks": "/www/server/panel/plugin/load_balance", "uninstall_checks": "/www/server/panel/plugin/load_balance", "compile_args": 0, "version_coexist": 0, "icon": "", "count": 0, "endtime": -1, "authorization_sn": null, "versions": [{"m_version": "1", "version": "3", "dependent": "", "mem_limit": 0, "cpu_limit": 0, "os_limit": 0, "update_msg": ""}]}, {"id": 151, "pid": 100000064, "type": 8, "os": "Linux", "price": "2.95", "sort": 100, "title": "异常监控推送", "name": "msg_push", "ps": "<p>可对服务器、站点状态进行监控推送，当前仅支持Centos7.x</p>", "panel_pro": 0, "panel_ltd": 1, "panel_free": 0, "panel_test": 0, "version": "0", "s_version": "0", "manager_version": "1", "c_manager_version": "1", "dependent": "", "mutex": "", "install_checks": "/www/server/panel/plugin/msg_push", "uninstall_checks": "/www/server/panel/plugin/msg_push", "compile_args": 0, "version_coexist": 0, "icon": "", "count": 0, "endtime": -1, "authorization_sn": null, "versions": [{"m_version": "3", "version": "2", "dependent": "", "mem_limit": 0, "cpu_limit": 0, "os_limit": 0, "update_msg": ""}]}, {"id": 153, "pid": 0, "type": 7, "os": "Linux", "price": "0.00", "sort": 100, "title": "IP配置工具", "name": "ip_configuration", "ps": "<p>网卡绑定IP、SSH授权IP、FTP配置IP等IP一键配置工具,支持centos7、debian10、ubuntu18、ubuntu20</p>", "panel_pro": 0, "panel_ltd": 0, "panel_free": 0, "panel_test": 0, "version": "0", "s_version": "0", "manager_version": "1", "c_manager_version": "1", "dependent": "", "mutex": "", "install_checks": "/www/server/panel/plugin/ip_configuration", "uninstall_checks": "/www/server/panel/plugin/ip_configuration", "compile_args": 0, "version_coexist": 0, "icon": "", "count": 0, "endtime": -1, "authorization_sn": null, "versions": [{"m_version": "1", "version": "2", "dependent": "", "mem_limit": 0, "cpu_limit": 0, "os_limit": 0, "update_msg": ""}]}, {"id": 152, "pid": 100000065, "type": 8, "os": "Linux", "price": "9.50", "sort": 100, "title": "宝塔系统加固", "name": "syssafe", "ps": "<p>提供灵活的系统加固功能，防止系统被植入木马</p>", "panel_pro": 0, "panel_ltd": 1, "panel_free": 0, "panel_test": 0, "version": "0", "s_version": "0", "manager_version": "1", "c_manager_version": "1", "dependent": "", "mutex": "", "install_checks": "/www/server/panel/plugin/syssafe", "uninstall_checks": "/www/server/panel/plugin/syssafe", "compile_args": 0, "version_coexist": 0, "icon": "", "count": 0, "endtime": -1, "authorization_sn": null, "versions": [{"m_version": "3", "version": "2", "dependent": "", "mem_limit": 0, "cpu_limit": 0, "os_limit": 0, "update_msg": ""}]}, {"id": 8, "pid": 0, "type": 5, "os": "Linux", "price": "0.00", "sort": 101, "title": "Nginx", "name": "nginx", "ps": "轻量级，占有内存少，并发能力强", "panel_pro": 1, "panel_ltd": 1, "panel_free": 1, "panel_test": 1, "version": "/www/server/nginx/sbin/nginx -v 2>&1|grep version|awk '{print $3}'|cut -f2 -d'/'", "s_version": "nginx", "manager_version": "1", "c_manager_version": "1", "dependent": "", "mutex": "apache,openlitespeed", "install_checks": "/www/server/nginx/sbin/nginx", "uninstall_checks": "/www/server/nginx", "compile_args": 1, "version_coexist": 0, "icon": "icon", "count": 0, "endtime": -1, "authorization_sn": null, "versions": [{"m_version": "1.21", "version": "4", "dependent": "", "mem_limit": 0, "cpu_limit": 0, "os_limit": 0, "update_msg": ""}, {"m_version": "1.20", "version": "2", "dependent": "", "mem_limit": 0, "cpu_limit": 0, "os_limit": 0, "update_msg": ""}, {"m_version": "1.19", "version": "8", "dependent": "", "mem_limit": 32, "cpu_limit": 1, "os_limit": 0, "update_msg": ""}, {"m_version": "1.18", "version": "0", "dependent": "", "mem_limit": 64, "cpu_limit": 1, "os_limit": 0, "update_msg": ""}, {"m_version": "1.17", "version": "10", "dependent": "", "mem_limit": 32, "cpu_limit": 1, "os_limit": 0, "update_msg": ""}, {"m_version": "1.16", "version": "1", "dependent": "", "mem_limit": 32, "cpu_limit": 1, "os_limit": 0, "update_msg": ""}, {"m_version": "-Tengine2.2", "version": "4", "dependent": "", "mem_limit": 64, "cpu_limit": 1, "os_limit": 0, "update_msg": ""}, {"m_version": "1.15", "version": "10", "dependent": "", "mem_limit": 64, "cpu_limit": 1, "os_limit": 0, "update_msg": ""}, {"m_version": "1.14", "version": "2", "dependent": "", "mem_limit": 64, "cpu_limit": 1, "os_limit": 0, "update_msg": ""}, {"m_version": "1.12", "version": "2", "dependent": "", "mem_limit": 64, "cpu_limit": 1, "os_limit": 0, "update_msg": ""}, {"m_version": "1.8", "version": "1", "dependent": "", "mem_limit": 64, "cpu_limit": 1, "os_limit": 0, "update_msg": ""}]}, {"id": 9, "pid": 0, "type": 5, "os": "Linux", "price": "0.00", "sort": 102, "title": "Apache", "name": "apache", "ps": "世界排名第一，快速、可靠并且可通过简单的API扩充", "panel_pro": 1, "panel_ltd": 1, "panel_free": 1, "panel_test": 1, "version": "/www/server/apache/bin/httpd -v|grep version|awk '{print $3}'|cut -f2 -d'/'", "s_version": "httpd", "manager_version": "1", "c_manager_version": "1", "dependent": "", "mutex": "nginx,openlitespeed", "install_checks": "/www/server/apache/bin/httpd", "uninstall_checks": "/www/server/apache", "compile_args": 0, "version_coexist": 0, "icon": "icon", "count": 0, "endtime": -1, "authorization_sn": null, "versions": [{"m_version": "2.4", "version": "51", "dependent": "", "mem_limit": 64, "cpu_limit": 1, "os_limit": 0, "update_msg": ""}, {"m_version": "2.2", "version": "34", "dependent": "", "mem_limit": 64, "cpu_limit": 1, "os_limit": 0, "update_msg": ""}]}, {"id": 10, "pid": 0, "type": 5, "os": "Linux", "price": "0.00", "sort": 103, "title": "MySQL", "name": "mysql", "ps": "MySQL是一种关系数据库管理系统!", "panel_pro": 1, "panel_ltd": 1, "panel_free": 1, "panel_test": 1, "version": "/www/server/mysql/bin/mysql -V|grep Ver|awk '{print $5}'|cut -f1 -d','", "s_version": "mysqld", "manager_version": "1", "c_manager_version": "1", "dependent": "", "mutex": "", "install_checks": "/www/server/mysql/bin/mysql", "uninstall_checks": "/www/server/mysql", "compile_args": 0, "version_coexist": 0, "icon": "icon", "count": 0, "endtime": -1, "authorization_sn": null, "versions": [{"m_version": "5.5", "version": "62", "dependent": "", "mem_limit": 256, "cpu_limit": 1, "os_limit": 0, "update_msg": ""}, {"m_version": "5.6", "version": "50", "dependent": "", "mem_limit": 768, "cpu_limit": 1, "os_limit": 0, "update_msg": ""}, {"m_version": "5.7", "version": "34", "dependent": "", "mem_limit": 1560, "cpu_limit": 1, "os_limit": 0, "update_msg": ""}, {"m_version": "8.0", "version": "24", "dependent": "", "mem_limit": 3700, "cpu_limit": 2, "os_limit": 0, "update_msg": ""}, {"m_version": "5.1", "version": "73", "dependent": "", "mem_limit": 128, "cpu_limit": 1, "os_limit": 0, "update_msg": ""}, {"m_version": "AliSQL", "version": "5.6.32", "dependent": "", "mem_limit": 768, "cpu_limit": 1, "os_limit": 0, "update_msg": ""}, {"m_version": "mariadb_10.0", "version": "38", "dependent": "", "mem_limit": 768, "cpu_limit": 1, "os_limit": 0, "update_msg": ""}, {"m_version": "mariadb_10.1", "version": "44", "dependent": "", "mem_limit": 1024, "cpu_limit": 1, "os_limit": 0, "update_msg": ""}, {"m_version": "mariadb_10.2", "version": "31", "dependent": "", "mem_limit": 1024, "cpu_limit": 1, "os_limit": 0, "update_msg": ""}, {"m_version": "mariadb_10.3", "version": "22", "dependent": "", "mem_limit": 1500, "cpu_limit": 1, "os_limit": 0, "update_msg": ""}, {"m_version": "mariadb_10.4", "version": "12", "dependent": "", "mem_limit": 2048, "cpu_limit": 1, "os_limit": 0, "update_msg": ""}, {"m_version": "mariadb_10.5", "version": "6", "dependent": "", "mem_limit": 2000, "cpu_limit": 1, "os_limit": 0, "update_msg": ""}]}, {"id": 11, "pid": 0, "type": 5, "os": "Linux", "price": "0.00", "sort": 104, "title": "PHP", "name": "php", "ps": "PHP是世界上最好的编程语言", "panel_pro": 1, "panel_ltd": 1, "panel_free": 1, "panel_test": 1, "version": "/www/server/php/{VERSION}/bin/php -v|grep cli|awk '{print $2}'", "s_version": "php-fpm", "manager_version": "/www/server/php/{VERSION}/sbin/php-fpm", "c_manager_version": "1", "dependent": "", "mutex": "", "install_checks": "/www/server/php/{VERSION}/bin/php", "uninstall_checks": "/www/server/php/{VERSION}", "compile_args": 0, "version_coexist": 1, "icon": "icon", "count": 0, "endtime": -1, "authorization_sn": null, "versions": [{"m_version": "8.0", "version": "14", "dependent": "", "mem_limit": 32, "cpu_limit": 1, "os_limit": 0, "update_msg": ""}, {"m_version": "7.4", "version": "27", "dependent": "", "mem_limit": 32, "cpu_limit": 1, "os_limit": 0, "update_msg": ""}, {"m_version": "7.3", "version": "32", "dependent": "", "mem_limit": 32, "cpu_limit": 1, "os_limit": 0, "update_msg": ""}, {"m_version": "7.2", "version": "33", "dependent": "", "mem_limit": 64, "cpu_limit": 1, "os_limit": 0, "update_msg": ""}, {"m_version": "7.1", "version": "33", "dependent": "", "mem_limit": 64, "cpu_limit": 1, "os_limit": 0, "update_msg": ""}, {"m_version": "7.0", "version": "33", "dependent": "", "mem_limit": 64, "cpu_limit": 1, "os_limit": 0, "update_msg": ""}, {"m_version": "5.6", "version": "40", "dependent": "", "mem_limit": 64, "cpu_limit": 1, "os_limit": 0, "update_msg": ""}, {"m_version": "5.5", "version": "38", "dependent": "", "mem_limit": 32, "cpu_limit": 1, "os_limit": 0, "update_msg": ""}, {"m_version": "5.4", "version": "45", "dependent": "", "mem_limit": 32, "cpu_limit": 1, "os_limit": 0, "update_msg": ""}, {"m_version": "5.3", "version": "29", "dependent": "", "mem_limit": 32, "cpu_limit": 1, "os_limit": 0, "update_msg": ""}, {"m_version": "5.2", "version": "17", "dependent": "mysql", "mem_limit": 32, "cpu_limit": 1, "os_limit": 0, "update_msg": ""}, {"m_version": "8.1", "version": "1", "dependent": "", "mem_limit": 0, "cpu_limit": 0, "os_limit": 0, "update_msg": ""}]}, {"id": 12, "pid": 0, "type": 5, "os": "Linux", "price": "0.00", "sort": 105, "title": "Pure-Ftpd", "name": "pureftpd", "ps": "PureFTPd是一款专注于程序健壮和软件安全的免费FTP服务器软件", "panel_pro": 1, "panel_ltd": 1, "panel_free": 1, "panel_test": 1, "version": "cat /www/server/pure-ftpd/version.pl", "s_version": "pure-ftpd", "manager_version": "1", "c_manager_version": "1", "dependent": "", "mutex": "", "install_checks": "/www/server/pure-ftpd/bin/pure-pw", "uninstall_checks": "/www/server/pure-ftpd", "compile_args": 0, "version_coexist": 0, "icon": "icon", "count": 0, "endtime": -1, "authorization_sn": null, "versions": [{"m_version": "1.0", "version": "49", "dependent": "", "mem_limit": 32, "cpu_limit": 1, "os_limit": 0, "update_msg": ""}]}, {"id": 13, "pid": 0, "type": 5, "os": "Linux", "price": "0.00", "sort": 106, "title": "phpMyAdmin", "name": "phpmyadmin", "ps": "著名Web端MySQL管理工具", "panel_pro": 1, "panel_ltd": 1, "panel_free": 1, "panel_test": 1, "version": "cat /www/server/phpmyadmin/version.pl", "s_version": "0", "manager_version": "1", "c_manager_version": "1", "dependent": "mysql,nginx|apache|openlitespeed", "mutex": "", "install_checks": "/www/server/phpmyadmin/version.pl", "uninstall_checks": "/www/server/phpmyadmin", "compile_args": 0, "version_coexist": 0, "icon": "icon", "count": 0, "endtime": -1, "authorization_sn": null, "versions": [{"m_version": "5.0", "version": "0", "dependent": "php-7.1|php-7.2|php-7.3|php-7.4", "mem_limit": 32, "cpu_limit": 1, "os_limit": 0, "update_msg": ""}, {"m_version": "4.9", "version": "", "dependent": "php-7.0|php-7.1|php-7.2|php-7.3|php-7.4", "mem_limit": 32, "cpu_limit": 1, "os_limit": 0, "update_msg": ""}, {"m_version": "4.4", "version": "0", "dependent": "php-5.3|php-5.4|php-5.5|php-5.6|php-7.0|php-7.1|php-7.2", "mem_limit": 32, "cpu_limit": 1, "os_limit": 0, "update_msg": ""}, {"m_version": "5.1", "version": "0", "dependent": "php-7.1|php-7.2|php-7.3|php-7.4|php-8.0", "mem_limit": 32, "cpu_limit": 1, "os_limit": 0, "update_msg": ""}, {"m_version": "4.0", "version": "0", "dependent": "php-5.4|php-5.2|php-5.3", "mem_limit": 32, "cpu_limit": 1, "os_limit": 0, "update_msg": ""}]}, {"id": 107, "pid": 0, "type": 7, "os": "Linux", "price": "0.00", "sort": 107, "title": "堡塔网站加速", "name": "site_speed", "ps": "重构版，基于页面缓存的网站加速插件，安装或升级到此版本，将会卸载旧版本，如果是Apache需要先安装Memcached", "panel_pro": 1, "panel_ltd": 1, "panel_free": 1, "panel_test": 1, "version": "0", "s_version": "0", "manager_version": "1", "c_manager_version": "1", "dependent": "", "mutex": "", "install_checks": "/www/server/panel/plugin/site_speed", "uninstall_checks": "/www/server/panel/plugin/site_speed", "compile_args": 0, "version_coexist": 0, "icon": "icon", "count": 0, "endtime": -1, "authorization_sn": null, "versions": [{"m_version": "3", "version": "0", "dependent": "", "mem_limit": 32, "cpu_limit": 1, "os_limit": 0, "update_msg": "<p>1.Adjust the front-end interface<br />2.Adjust the free acceleration limit to the number limit<br />3.Fix known bugs</p>"}]}, {"id": 65, "pid": 0, "type": 7, "os": "Linux", "price": "0.00", "sort": 108, "title": "Java项目管理器", "name": "tomcat2", "ps": "开发和调试JSP程序的首选", "panel_pro": 1, "panel_ltd": 1, "panel_free": 1, "panel_test": 1, "version": "0", "s_version": "0", "manager_version": "1", "c_manager_version": "1", "dependent": "", "mutex": "", "install_checks": "/www/server/panel/plugin/tomcat2", "uninstall_checks": "/www/server/panel/plugin/tomcat2", "compile_args": 0, "version_coexist": 0, "icon": "icon", "count": 0, "endtime": -1, "authorization_sn": null, "versions": [{"m_version": "2", "version": "4", "dependent": "", "mem_limit": 32, "cpu_limit": 1, "os_limit": 0, "update_msg": "1. \u66f4\u65b0\u6bcf\u4e2a\u7ad9\u70b9\u4e3a\u72ec\u7acb\u9879\u76ee\n2.\u4fee\u6539\u7aef\u53e3\u65f6\u7684\u6620\u5c04\u95ee\u9898\n3.\u4fee\u6b63\u4ee3\u7801\u903b\u8f91\n\n1. Update each site as a separate project\n2. Mapping problems when modifying ports\n3. Fix code logic"}]}, {"id": 15, "pid": 0, "type": 5, "os": "Linux", "price": "0.00", "sort": 108, "title": "PM2管理器", "name": "pm2", "ps": "node.js管理器，内置 node.js + npm + nvm + pm2.!", "panel_pro": 1, "panel_ltd": 1, "panel_free": 1, "panel_test": 1, "version": "0", "s_version": "0", "manager_version": "1", "c_manager_version": "1", "dependent": "", "mutex": "", "install_checks": "/www/server/panel/plugin/pm2/pm2_main.py", "uninstall_checks": "/www/server/panel/plugin/pm2", "compile_args": 0, "version_coexist": 0, "icon": "icon", "count": 0, "endtime": -1, "authorization_sn": null, "versions": [{"m_version": "5", "version": "1", "dependent": "", "mem_limit": 256, "cpu_limit": 1, "os_limit": 0, "update_msg": "<p>1. Fixed some bugs</p>"}]}, {"id": 16, "pid": 0, "type": 5, "os": "Linux", "price": "0.00", "sort": 109, "title": "Docker管理器", "name": "docker", "ps": "Docker 是一个开源的应用容器引擎", "panel_pro": 1, "panel_ltd": 1, "panel_free": 1, "panel_test": 1, "version": "0", "s_version": "0", "manager_version": "1", "c_manager_version": "1", "dependent": "", "mutex": "", "install_checks": "/www/server/panel/plugin/docker", "uninstall_checks": "/www/server/panel/plugin/docker", "compile_args": 0, "version_coexist": 0, "icon": "icon", "count": 0, "endtime": -1, "authorization_sn": null, "versions": [{"m_version": "3", "version": "4", "dependent": "", "mem_limit": 768, "cpu_limit": 1, "os_limit": 0, "update_msg": "1. Add container log view.\n2. Add container terminal.\n3. Automatic compression to save space when exporting images."}]}, {"id": 17, "pid": 0, "type": 5, "os": "Linux", "price": "0.00", "sort": 110, "title": "MongoDB", "name": "mongodb", "ps": "基于分布式文件存储的数据库，旨在为WEB应用提供可扩展的高性能数据存储解决方案!", "panel_pro": 1, "panel_ltd": 1, "panel_free": 1, "panel_test": 1, "version": "0", "s_version": "mongod", "manager_version": "1", "c_manager_version": "1", "dependent": "", "mutex": "", "install_checks": "/www/server/panel/plugin/mongodb", "uninstall_checks": "/www/server/panel/plugin/mongodb", "compile_args": 0, "version_coexist": 0, "icon": "icon", "count": 0, "endtime": -1, "authorization_sn": null, "versions": [{"m_version": "4.4", "version": "6", "dependent": "", "mem_limit": 384, "cpu_limit": 1, "os_limit": 0, "update_msg": ""}]}, {"id": 18, "pid": 0, "type": 5, "os": "Linux", "price": "0.00", "sort": 111, "title": "Memcached", "name": "memcached", "ps": "Memcached 是一个高性能的分布式内存对象缓存系统", "panel_pro": 1, "panel_ltd": 1, "panel_free": 1, "panel_test": 1, "version": "/usr/local/memcached/bin/memcached -V|awk '{print $2}'", "s_version": "memcached", "manager_version": "1", "c_manager_version": "1", "dependent": "", "mutex": "", "install_checks": "/usr/local/memcached/bin/memcached", "uninstall_checks": "/usr/local/memcached", "compile_args": 0, "version_coexist": 0, "icon": "icon", "count": 0, "endtime": -1, "authorization_sn": null, "versions": [{"m_version": "1.6", "version": "9", "dependent": "", "mem_limit": 256, "cpu_limit": 1, "os_limit": 0, "update_msg": ""}]}, {"id": 19, "pid": 0, "type": 5, "os": "Linux", "price": "0.00", "sort": 112, "title": "Redis", "name": "redis", "ps": "Redis是一个高性能的key-value数据库(PHP连接redis，需PHP设置中安装redis扩展) 部分Centos7系统仅支持安装5.x版本", "panel_pro": 1, "panel_ltd": 1, "panel_free": 1, "panel_test": 1, "version": "/www/server/redis/src/redis-server -v|awk '{print $3}'|cut -f2 -d'='", "s_version": "redis-server", "manager_version": "1", "c_manager_version": "1", "dependent": "", "mutex": "", "install_checks": "/www/server/redis/runtest", "uninstall_checks": "/www/server/redis", "compile_args": 0, "version_coexist": 0, "icon": "icon", "count": 0, "endtime": -1, "authorization_sn": null, "versions": [{"m_version": "6.2", "version": "6", "dependent": "", "mem_limit": 256, "cpu_limit": 1, "os_limit": 0, "update_msg": ""}]}, {"id": 136, "pid": 0, "type": 5, "os": "Linux", "price": "0.00", "sort": 113, "title": "Openlitespeed", "name": "openlitespeed", "ps": "OpenLiteSpeed是LiteSpeed Web Server Enterprise的开源版本。", "panel_pro": 1, "panel_ltd": 1, "panel_free": 1, "panel_test": 1, "version": "cat /usr/local/lsws/VERSION", "s_version": "openlitespeed", "manager_version": "1", "c_manager_version": "1", "dependent": "", "mutex": "", "install_checks": "/usr/local/lsws/bin/lswsctrl", "uninstall_checks": "/usr/local/lsws/bin/lswsctrl", "compile_args": 0, "version_coexist": 0, "icon": "icon", "count": 0, "endtime": -1, "authorization_sn": null, "versions": [{"m_version": "1.7", "version": "14", "dependent": "", "mem_limit": 32, "cpu_limit": 1, "os_limit": 0, "update_msg": ""}]}, {"id": 154, "pid": 0, "type": 7, "os": "Linux", "price": "0.00", "sort": 114, "title": "云dns", "name": "cloud_dns", "ps": "<p>管理您的云 DNS 解析（支持：Cloudflare/DnsPods/Aliyun</p>", "panel_pro": 0, "panel_ltd": 0, "panel_free": 0, "panel_test": 0, "version": "0", "s_version": "0", "manager_version": "1", "c_manager_version": "1", "dependent": "", "mutex": "", "install_checks": "/www/server/panel/plugin/cloud_dns", "uninstall_checks": "/www/server/panel/plugin/cloud_dns", "compile_args": 0, "version_coexist": 0, "icon": "", "count": 0, "endtime": -1, "authorization_sn": null, "versions": [{"m_version": "1", "version": "0", "dependent": "", "mem_limit": 0, "cpu_limit": 0, "os_limit": 0, "update_msg": ""}]}, {"id": 139, "pid": 0, "type": 7, "os": "Linux", "price": "0.00", "sort": 114, "title": "DNS管理器", "name": "bt_ddns", "ps": "管理多个域名解析，暂时只支持正向解析和linux centos7.x版本系统", "panel_pro": 1, "panel_ltd": 1, "panel_free": 1, "panel_test": 1, "version": "0", "s_version": "0", "manager_version": "1", "c_manager_version": "1", "dependent": "", "mutex": "", "install_checks": "/www/server/panel/plugin/bt_ddns", "uninstall_checks": "/www/server/panel/plugin/bt_ddns", "compile_args": 0, "version_coexist": 0, "icon": "icon", "count": 0, "endtime": -1, "authorization_sn": null, "versions": [{"m_version": "1", "version": "0", "dependent": "", "mem_limit": 32, "cpu_limit": 1, "os_limit": 0, "update_msg": ""}]}, {"id": 101, "pid": 0, "type": 7, "os": "Linux", "price": "0.00", "sort": 114, "title": "Fail2ban防爆破", "name": "fail2ban", "ps": "防止恶意主机爆破服务、站点，禁止导致多个身份验证错误的主机", "panel_pro": 1, "panel_ltd": 1, "panel_free": 1, "panel_test": 1, "version": "0", "s_version": "0", "manager_version": "1", "c_manager_version": "1", "dependent": "", "mutex": "", "install_checks": "/www/server/panel/plugin/fail2ban", "uninstall_checks": "/www/server/panel/plugin/fail2ban", "compile_args": 0, "version_coexist": 0, "icon": "icon", "count": 0, "endtime": -1, "authorization_sn": null, "versions": [{"m_version": "1", "version": "8", "dependent": "", "mem_limit": 32, "cpu_limit": 1, "os_limit": 0, "update_msg": "<p>1. Support to block IP with Cloudflare<br />2. Optimize installation<br />3. Optimize service settings</p>"}]}, {"id": 82, "pid": 0, "type": 7, "os": "Linux", "price": "0.00", "sort": 114, "title": "宝塔邮局管理器", "name": "mail_sys", "ps": "<p>多域，多用户邮局，支持SMTP/IMAP/POP3/HTTP接口，需要25端口</p>", "panel_pro": 1, "panel_ltd": 1, "panel_free": 1, "panel_test": 1, "version": "0", "s_version": "0", "manager_version": "1", "c_manager_version": "1", "dependent": "", "mutex": "", "install_checks": "/www/server/panel/plugin/mail_sys", "uninstall_checks": "/www/server/panel/plugin/mail_sys", "compile_args": 0, "version_coexist": 0, "icon": "icon", "count": 0, "endtime": -1, "authorization_sn": null, "versions": [{"m_version": "4", "version": "5", "dependent": "", "mem_limit": 32, "cpu_limit": 1, "os_limit": 0, "update_msg": "<p>1. Add initialization log<br />2. Add file integrity check<br />3. Optimize A record detection prompt</p>"}]}, {"id": 85, "pid": 0, "type": 7, "os": "Linux", "price": "0.00", "sort": 114, "title": "Dns管理器", "name": "dns_manager", "ps": "<p>基于PDN构建自己的dns服务器，支持centos7/8、ubuntu 18/20和debian10</p>", "panel_pro": 1, "panel_ltd": 1, "panel_free": 1, "panel_test": 1, "version": "0", "s_version": "0", "manager_version": "1", "c_manager_version": "1", "dependent": "", "mutex": "", "install_checks": "/www/server/panel/plugin/dns_manager", "uninstall_checks": "/www/server/panel/plugin/dns_manager", "compile_args": 0, "version_coexist": 0, "icon": "icon", "count": 0, "endtime": -1, "authorization_sn": null, "versions": [{"m_version": "3", "version": "4", "dependent": "", "mem_limit": 32, "cpu_limit": 1, "os_limit": 0, "update_msg": "<p>Allow to set more records<br />Optimize SOA settings<br />Add default NS server settings<br />Optimize the detection logic when adding domain names and records</p>"}]}, {"id": 21, "pid": 0, "type": 7, "os": "Linux", "price": "0.00", "sort": 115, "title": "宝塔一键部署源码", "name": "deployment", "ps": "快速部署常用程序!", "panel_pro": 1, "panel_ltd": 1, "panel_free": 1, "panel_test": 1, "version": "0", "s_version": "0", "manager_version": "1", "c_manager_version": "1", "dependent": "", "mutex": "", "install_checks": "/www/server/panel/plugin/deployment", "uninstall_checks": "/www/server/panel/plugin/deployment", "compile_args": 0, "version_coexist": 0, "icon": "icon", "count": 0, "endtime": -1, "authorization_sn": null, "versions": [{"m_version": "1", "version": "1", "dependent": "", "mem_limit": 32, "cpu_limit": 1, "os_limit": 0, "update_msg": ""}]}, {"id": 69, "pid": 0, "type": 7, "os": "Linux", "price": "0.00", "sort": 115, "title": "Python项目管理器", "name": "pythonmamager", "ps": "快速部署Python项目，当前仅支持Centos7.x", "panel_pro": 1, "panel_ltd": 1, "panel_free": 1, "panel_test": 1, "version": "0", "s_version": "0", "manager_version": "1", "c_manager_version": "1", "dependent": "", "mutex": "", "install_checks": "/www/server/panel/plugin/pythonmamager", "uninstall_checks": "/www/server/panel/plugin/pythonmamager", "compile_args": 0, "version_coexist": 0, "icon": "icon", "count": 0, "endtime": -1, "authorization_sn": null, "versions": [{"m_version": "2", "version": "0", "dependent": "", "mem_limit": 32, "cpu_limit": 1, "os_limit": 0, "update_msg": "<p>1. Adding create Logs<br />2. Add the Python installation log<br />3. No longer use pyenv to manage the python<br />4. Optimize the creation process</p>"}]}, {"id": 83, "pid": 0, "type": 7, "os": "Linux", "price": "0.00", "sort": 115, "title": "宝塔一键迁移API版本", "name": "psync_api", "ps": "快速迁移面板数据，此版本仅在迁出机器（发送数据端）安装即可", "panel_pro": 1, "panel_ltd": 1, "panel_free": 1, "panel_test": 1, "version": "0", "s_version": "0", "manager_version": "1", "c_manager_version": "1", "dependent": "", "mutex": "", "install_checks": "/www/server/panel/plugin/psync_api", "uninstall_checks": "/www/server/panel/plugin/psync_api", "compile_args": 0, "version_coexist": 0, "icon": "icon", "count": 0, "endtime": -1, "authorization_sn": null, "versions": [{"m_version": "3", "version": "2", "dependent": "", "mem_limit": 32, "cpu_limit": 1, "os_limit": 0, "update_msg": "1. Added [Developer Mode] unavailable prompt\n2. Fixed the problem that the subdirectory binding and redirect list were not migrated\n3. Fix the problem caused by the website log path being modified\n4. Add migration support for the new acme protocol"}]}, {"id": 75, "pid": 0, "type": 7, "os": "Linux", "price": "0.00", "sort": 116, "title": "PostgreSQL管理器", "name": "pgsql_manager", "ps": "用于安装并管理 PostgreSQL数据库", "panel_pro": 1, "panel_ltd": 1, "panel_free": 1, "panel_test": 1, "version": "0", "s_version": "0", "manager_version": "1", "c_manager_version": "1", "dependent": "", "mutex": "", "install_checks": "/www/server/panel/plugin/pgsql_manager", "uninstall_checks": "/www/server/panel/plugin/pgsql_manager", "compile_args": 0, "version_coexist": 0, "icon": "icon", "count": 0, "endtime": -1, "authorization_sn": null, "versions": [{"m_version": "1", "version": "4", "dependent": "", "mem_limit": 32, "cpu_limit": 1, "os_limit": 0, "update_msg": "<p>Fix the problem that the list of imported backups is not displayed</p>\n<p>Fix installation problems</p>\n<p>Fix other known bugs&nbsp;</p>"}]}, {"id": 24, "pid": 0, "type": 7, "os": "Linux", "price": "0.00", "sort": 118, "title": "FTP存储空间", "name": "ftp", "ps": "将网站或数据库打包备份到FTP存储空间.", "panel_pro": 1, "panel_ltd": 1, "panel_free": 1, "panel_test": 1, "version": "0", "s_version": "0", "manager_version": "1", "c_manager_version": "1", "dependent": "", "mutex": "", "install_checks": "/www/server/panel/plugin/ftp", "uninstall_checks": "/www/server/panel/plugin/ftp", "compile_args": 0, "version_coexist": 0, "icon": "icon", "count": 0, "endtime": -1, "authorization_sn": null, "versions": [{"m_version": "5", "version": "0", "dependent": "", "mem_limit": 32, "cpu_limit": 1, "os_limit": 0, "update_msg": "<p>Compatibility panel backup failure notification</p>"}]}, {"id": 90, "pid": 0, "type": 7, "os": "Linux", "price": "0.00", "sort": 120, "title": "谷歌云存储", "name": "gcloud_storage", "ps": "将网站或数据库打包备份到Google Cloud Storage", "panel_pro": 1, "panel_ltd": 1, "panel_free": 1, "panel_test": 1, "version": "0", "s_version": "0", "manager_version": "1", "c_manager_version": "1", "dependent": "", "mutex": "", "install_checks": "/www/server/panel/plugin/gcloud_storage", "uninstall_checks": "/www/server/panel/plugin/gcloud_storage", "compile_args": 0, "version_coexist": 0, "icon": "icon", "count": 0, "endtime": -1, "authorization_sn": null, "versions": [{"m_version": "1", "version": "5", "dependent": "", "mem_limit": 32, "cpu_limit": 1, "os_limit": 0, "update_msg": "<p>Support website restoration</p>"}]}, {"id": 97, "pid": 0, "type": 7, "os": "Linux", "price": "0.00", "sort": 120, "title": "谷歌云网盘", "name": "gdrive", "ps": "备份你的数据到谷歌云盘", "panel_pro": 1, "panel_ltd": 1, "panel_free": 1, "panel_test": 1, "version": "0", "s_version": "0", "manager_version": "1", "c_manager_version": "1", "dependent": "", "mutex": "", "install_checks": "/www/server/panel/plugin/gdrive", "uninstall_checks": "/www/server/panel/plugin/gdrive", "compile_args": 0, "version_coexist": 0, "icon": "icon", "count": 0, "endtime": -1, "authorization_sn": null, "versions": [{"m_version": "1", "version": "8", "dependent": "", "mem_limit": 32, "cpu_limit": 1, "os_limit": 0, "update_msg": "<p>Added backup failure notification function</p>"}]}, {"id": 128, "pid": 0, "type": 7, "os": "Linux", "price": "0.00", "sort": 120, "title": "亚马逊S3云存储", "name": "aws_s3", "ps": "让你的数据备份到亚马逊对象存储", "panel_pro": 1, "panel_ltd": 1, "panel_free": 1, "panel_test": 1, "version": "0", "s_version": "0", "manager_version": "1", "c_manager_version": "1", "dependent": "", "mutex": "", "install_checks": "/www/server/panel/plugin/aws_s3", "uninstall_checks": "/www/server/panel/plugin/aws_s3", "compile_args": 0, "version_coexist": 0, "icon": "icon", "count": 0, "endtime": -1, "authorization_sn": null, "versions": [{"m_version": "1", "version": "1", "dependent": "", "mem_limit": 32, "cpu_limit": 1, "os_limit": 0, "update_msg": "Support website restoration"}]}, {"id": 127, "pid": 0, "type": 6, "os": "Linux", "price": "0.00", "sort": 121, "title": "系统防火墙", "name": "firewall", "ps": "提供系统防火墙(iptables/firewall/ufw)的可视化管理功能", "panel_pro": 1, "panel_ltd": 1, "panel_free": 1, "panel_test": 1, "version": "0", "s_version": "0", "manager_version": "1", "c_manager_version": "1", "dependent": "", "mutex": "", "install_checks": "/www/server/panel/plugin/firewall", "uninstall_checks": "/www/server/panel/plugin/firewall", "compile_args": 0, "version_coexist": 0, "icon": "icon", "count": 0, "endtime": -1, "authorization_sn": null, "versions": [{"m_version": "2", "version": "5", "dependent": "", "mem_limit": 32, "cpu_limit": 1, "os_limit": 0, "update_msg": "<p>1. Optimize port forwarding module</p>"}]}, {"id": 28, "pid": 0, "type": 7, "os": "Linux", "price": "0.00", "sort": 122, "title": "宝塔WebHook", "name": "webhook", "ps": "WebHook，可设置回调脚本，通常用于第三方回调通知!", "panel_pro": 1, "panel_ltd": 1, "panel_free": 1, "panel_test": 1, "version": "0", "s_version": "0", "manager_version": "1", "c_manager_version": "1", "dependent": "", "mutex": "", "install_checks": "/www/server/panel/plugin/webhook", "uninstall_checks": "/www/server/panel/plugin/webhook", "compile_args": 0, "version_coexist": 0, "icon": "icon", "count": 0, "endtime": -1, "authorization_sn": null, "versions": [{"m_version": "1", "version": "2", "dependent": "", "mem_limit": 32, "cpu_limit": 1, "os_limit": 0, "update_msg": "1\u3001\u4fee\u6b63\u53c2\u6570\u4e2d\u5e26\u5f15\u53f7\u5bfc\u81f4\u65e0\u6cd5\u6b63\u786e\u4f20\u9012\u7684\u95ee\u9898\n\n1. Fix the problem that parameters cannot be passed correctly with quotation marks"}]}, {"id": 32, "pid": 0, "type": 6, "os": "Linux", "price": "0.00", "sort": 126, "title": "Linux工具箱", "name": "linuxsys", "ps": "Linux系统工具，配置DNS、Swap、时区、内存盘!", "panel_pro": 1, "panel_ltd": 1, "panel_free": 1, "panel_test": 1, "version": "0", "s_version": "0", "manager_version": "1", "c_manager_version": "1", "dependent": "", "mutex": "", "install_checks": "/www/server/panel/plugin/linuxsys", "uninstall_checks": "/www/server/panel/plugin/linuxsys", "compile_args": 0, "version_coexist": 0, "icon": "icon", "count": 0, "endtime": -1, "authorization_sn": null, "versions": [{"m_version": "1", "version": "7", "dependent": "", "mem_limit": 32, "cpu_limit": 1, "os_limit": 0, "update_msg": "Fix the problem of ubuntu20 getting dns error"}]}, {"id": 33, "pid": 0, "type": 7, "os": "Linux", "price": "0.00", "sort": 127, "title": " PHP守护", "name": "phpguard", "ps": "监控PHP-FPM运行状态，防止大批量出现502错误!", "panel_pro": 1, "panel_ltd": 1, "panel_free": 1, "panel_test": 1, "version": "0", "s_version": "0", "manager_version": "1", "c_manager_version": "1", "dependent": "", "mutex": "", "install_checks": "/www/server/panel/plugin/phpguard", "uninstall_checks": "/www/server/panel/plugin/phpguard", "compile_args": 0, "version_coexist": 0, "icon": "icon", "count": 0, "endtime": -1, "authorization_sn": null, "versions": [{"m_version": "1", "version": "2", "dependent": "", "mem_limit": 32, "cpu_limit": 1, "os_limit": 0, "update_msg": ""}]}, {"id": 91, "pid": 0, "type": 6, "os": "Linux", "price": "0.00", "sort": 128, "title": "Supervisor管理器", "name": "supervisor", "ps": "一个Python开发的通用的进程管理程序", "panel_pro": 1, "panel_ltd": 1, "panel_free": 1, "panel_test": 1, "version": "0", "s_version": "0", "manager_version": "1", "c_manager_version": "1", "dependent": "", "mutex": "", "install_checks": "/www/server/panel/plugin/supervisor", "uninstall_checks": "/www/server/panel/plugin/supervisor", "compile_args": 0, "version_coexist": 0, "icon": "icon", "count": 0, "endtime": -1, "authorization_sn": null, "versions": [{"m_version": "2", "version": "2", "dependent": "", "mem_limit": 32, "cpu_limit": 1, "os_limit": 0, "update_msg": "Fix python compatibility issues"}]}, {"id": 47, "pid": 0, "type": 6, "os": "Linux", "price": "0.00", "sort": 131, "title": "日志清理工具", "name": "clear", "ps": "一键清理指定日志和系统垃圾", "panel_pro": 1, "panel_ltd": 1, "panel_free": 1, "panel_test": 1, "version": "0", "s_version": "0", "manager_version": "1", "c_manager_version": "1", "dependent": "", "mutex": "", "install_checks": "/www/server/panel/plugin/clear", "uninstall_checks": "/www/server/panel/plugin/clear", "compile_args": 0, "version_coexist": 0, "icon": "icon", "count": 0, "endtime": -1, "authorization_sn": null, "versions": [{"m_version": "1", "version": "3", "dependent": "", "mem_limit": 32, "cpu_limit": 1, "os_limit": 0, "update_msg": "Add OLS log scan in system log"}]}, {"id": 132, "pid": 0, "type": 7, "os": "Linux", "price": "0.00", "sort": 132, "title": "反垃圾邮件网关", "name": "anti_spam", "ps": "允许你将邮件服务器接入过滤垃圾/病毒邮件", "panel_pro": 1, "panel_ltd": 1, "panel_free": 1, "panel_test": 1, "version": "0", "s_version": "0", "manager_version": "1", "c_manager_version": "1", "dependent": "", "mutex": "", "install_checks": "/www/server/panel/plugin/anti_spam", "uninstall_checks": "/www/server/panel/plugin/anti_spam", "compile_args": 0, "version_coexist": 0, "icon": "icon", "count": 0, "endtime": -1, "authorization_sn": null, "versions": [{"m_version": "1", "version": "2", "dependent": "", "mem_limit": 2048, "cpu_limit": 2, "os_limit": 0, "update_msg": "<p>Fix some bugs</p>"}]}, {"id": 600801398, "os": "Linux", "pid": 600801398, "type": 10, "sort": 1000, "price": 0, "name": "free_waf", "title": "Nginx免费防火墙", "ps": "Nginx免费防火墙，和现有的Nginx的防火墙只能安装一个<a href=\"https://forum.aapanel.com/d/600-third-party-plug-in-for-aapanel-nginx-free-firewall/128\" target=\"_blank\" rel=\"noreferrer noopener\" class=\"bt-ico-ask\" style=\"cursor: pointer;\">?</a>", "panel_pro": 1, "panel_ltd": 1, "panel_free": 1, "panel_test": 1, "dependent": "", "version": "0", "s_version": "0", "manager_version": "5", "c_manager_version": "0", "mutex": "", "endtime": 0, "install_checks": "/www/server/panel/plugin/free_waf", "uninstall_checks": "/www/server/panel/plugin/free_waf", "compile_args": 0, "version_coexist": 0, "author": "\u660e\u56fd\u4e09\u5e74\u4e00\u573a\u96e8", "home": "https://forum.aapanel.com/d/600-third-party-plug-in-for-aapanel-nginx-free-firewall/128", "min_image": "/api/plugin/download?filename=images/98/8a/988a4ea357dc840132e0e22000a86c1b.png", "install_opt": 0, "count": 0, "score": 0, "o_plugin": true, "versions": [{"dependent": "", "m_version": "5", "version": "0", "mem_limit": 32, "cpu_limit": 1, "os_limit": 0, "version_msg": "Nginx Free Firewalld", "update_msg": "", "download": "plugins/97/27/97279f1212c7a2cdee177b5ce460c9b7.zip", "md5": "7e73cedaad81c996423a857309634a10", "size": 35691}]}]}